序号,镜头号,开始(秒),开始(时间码),建议说完(秒),可用时长(秒),中文字数,中文语速(字/秒),中文提示,英文词数,英文语速(词/秒),英文提示,中文配音稿,English VO,中文相比原字幕,英文相比原字幕
1,0,0.27,00:00:00.267,4.47,4.20,8,1.9,,10,2.4,,一棵树，要长多少年？,How many years does it take to grow a tree?,同原字幕,同原字幕
2,1,5.27,00:00:05.267,8.47,3.20,8,2.5,,7,2.2,,一个人，又要走多远？,And how far must a man walk?,同原字幕,同原字幕
3,2,13.27,00:00:13.267,16.03,2.77,10,3.6,,7,2.5,,四亿年前，陆地一片荒芜。,Four hundred million years ago: barren land.,同原字幕,已精简
4,2,16.37,00:00:16.367,19.47,3.10,10,3.2,,4,1.3,,植物造出了“骨头”：木质素。,Plants built bones: lignin.,已精简,已精简
5,3,20.27,00:00:20.267,25.47,5.20,11,2.1,,8,1.5,,于是，地球有了第一片森林。,"And so, the Earth grew its first forest.",同原字幕,同原字幕
6,3.1,26.27,00:00:26.267,30.47,4.20,13,3.1,,9,2.1,,人类最早的温暖，来自一根木头。,Humanity's first warmth came from a piece of wood.,同原字幕,同原字幕
7,3.2,31.27,00:00:31.267,35.47,4.20,15,3.6,,11,2.6,,八千年前，浙江先民把原木凿成了船。,"Eight thousand years ago in Zhejiang, a log became a boat.",已精简,已精简
8,3.3,36.27,00:00:36.267,39.33,3.07,13,4.2,,8,2.6,,七千年前，河姆渡人发明了榫卯。,"Seven thousand years ago, Hemudu invented mortise joints.",同原字幕,已精简
9,3.3,39.67,00:00:39.667,42.47,2.80,11,3.9,,5,1.8,,不用钉子，木与木彼此咬合。,No nails: wood holding wood.,已精简,已精简
10,3.4,43.27,00:00:43.267,46.50,3.23,15,4.6,,9,2.8,偏紧,六百多年前，紫禁城用斗拱托起屋檐。,"Six centuries ago, brackets lifted the Forbidden City's eaves.",已精简,已精简
11,3.4,46.83,00:00:46.833,49.47,2.63,10,3.8,,5,1.9,,木头柔韧、温暖，让人安心。,"Wood is flexible, warm, reassuring.",已精简,已精简
12,3.5,50.27,00:00:50.267,54.47,4.20,16,3.8,,8,1.9,,一代又一代人，住在木头里，被木头温暖。,"Generations have lived in wood, warmed by it.",已精简,已精简
13,4,55.27,00:00:55.267,59.47,4.20,16,3.8,,11,2.6,,1966 年，卢伟光生于温州经商世家。,"Carl Lu was born in 1966, to a Wenzhou merchant family.",已精简,已精简
14,5,60.27,00:01:00.267,63.03,2.77,12,4.3,,7,2.5,,他学船舶设计，懂水，更懂木头。,"He studied shipbuilding, learning water and wood.",已精简,已精简
15,5,63.37,00:01:03.367,65.47,2.10,8,3.8,,4,1.9,,一颗种子，就此埋下。,A seed was planted.,已精简,同原字幕
16,5.5,66.27,00:01:06.267,69.53,3.27,16,4.9,偏紧,8,2.4,,1988 年，他分配进温州渔船检验处。,"In 1988, he joined Wenzhou's fishing-vessel inspection office.",已精简,已精简
17,5.5,69.87,00:01:09.867,72.47,2.60,12,4.6,,6,2.3,,做了六年验船师，验遍了木船。,"Six years inspecting, boat after boat.",已精简,已精简
18,5.5,72.80,00:01:12.800,75.93,3.13,14,4.5,,7,2.2,,1994 年，辞去铁饭碗，奔向木头。,"In 1994, he left security for wood.",已精简,已精简
19,6,76.77,00:01:16.767,82.97,6.20,26,4.2,,13,2.1,,1994 年 4 月 8 日，28 平方米的地板店，在温州街头开张了。,"On April 8, 1994, a 28-square-meter flooring shop opened on a Wenzhou street.",同原字幕,同原字幕
20,7,83.77,00:01:23.767,87.27,3.50,15,4.3,,9,2.6,,他亲手设计“安信”商标：地板堆成的树。,He designed the Anxin mark: a tree of floorboards.,已精简,已精简
21,7,87.60,00:01:27.600,90.97,3.37,16,4.8,,9,2.7,,地板来自树木，信赖要像树一样慢慢长。,"Floors come from trees. Trust, like trees, grows slowly.",已精简,已精简
22,10,91.77,00:01:31.767,94.53,2.77,13,4.7,,6,2.2,,1998 年，国家禁止砍伐森林。,"In 1998, the state banned logging.",已精简,已精简
23,10,94.87,00:01:34.867,96.97,2.10,9,4.3,,5,2.4,,原料来路，被一刀斩断。,His supply was cut off.,已精简,已精简
24,11,97.77,00:01:37.767,102.97,5.20,23,4.4,,12,2.3,,他想去巴西进口木材，可海外的货源，都攥在中间商手里。,"He wanted to import from Brazil, but middlemen held every overseas source.",同原字幕,同原字幕
25,12,103.77,00:01:43.767,108.97,5.20,21,4.0,,12,2.3,,他混在搬运工中间，一箱一箱地看包装，找一个线索。,"Among the dockworkers, he searched crate after crate for a single clue.",同原字幕,同原字幕
26,13,109.77,00:01:49.767,114.97,5.20,23,4.4,,13,2.5,,1998 年 7 月，他在胶带上找到了巴西供应商的电话。,"In July 1998, a roll of tape gave him a Brazilian supplier's number.",已精简,已精简
27,14,115.77,00:01:55.767,118.50,2.73,13,4.8,,5,1.8,,他不懂葡萄牙语，对方不懂中文。,Neither spoke the other's language.,同原字幕,已精简
28,14,118.83,00:01:58.833,121.97,3.13,14,4.5,,6,1.9,,隔着 11 个小时的时差，他一直拨。,"Eleven hours apart, he kept dialing.",同原字幕,已精简
29,15,122.77,00:02:02.767,125.07,2.30,10,4.3,,5,2.2,,一个多月后，传真机响了。,"Weeks later, the fax rang.",同原字幕,已精简
30,15,125.40,00:02:05.400,127.97,2.57,12,4.7,,6,2.3,,巴西的路易斯，寄来了报价单。,"Luis, in Brazil, sent a quote.",已精简,已精简
31,8,128.77,00:02:08.767,130.80,2.03,7,3.4,,5,2.5,,报价单来自南美。,It came from South America.,已精简,已精简
32,8,131.13,00:02:11.133,134.97,3.83,18,4.7,,10,2.6,,数千万年的雨水与阳光，养出了亚马逊雨林。,Tens of millions of years of rain raised the Amazon.,已精简,已精简
33,9,135.77,00:02:15.767,140.97,5.20,17,3.3,,13,2.5,,为了抢到一缕阳光，树长成了各自的样子。,"Reaching for a ray of light, each tree grew into its own shape.",同原字幕,同原字幕
34,16,141.77,00:02:21.767,148.97,7.20,16,2.2,,17,2.4,,四亿年长出的树，等来了一个找它的人。,A tree four hundred million years in the making met the man who came looking for it.,同原字幕,同原字幕
35,17,149.77,00:02:29.767,153.97,4.20,14,3.3,,8,1.9,,他在雨林里，找到了最适合的木头。,"In the rainforest, he found the perfect wood.",同原字幕,同原字幕
36,17.5,154.77,00:02:34.767,158.27,3.50,16,4.6,,9,2.6,,他和路易斯一起，在雨林边建起了工厂。,"With Luis, he built a mill beside the rainforest.",已精简,已精简
37,17.5,158.60,00:02:38.600,161.97,3.37,14,4.2,,9,2.7,,先规划，后采伐，只取森林给得起的。,"Plan, then harvest. Take only what the forest gives.",已精简,已精简
38,18,162.77,00:02:42.767,167.50,4.73,22,4.6,,12,2.5,,卫星遥感把林区分成 25 块，每年只采一块，采完就种。,"Satellites divide the forest into 25 plots, one harvested yearly, then replanted.",同原字幕,已精简
39,18,167.83,00:02:47.833,170.97,3.13,13,4.1,,8,2.6,,25 年一个轮回，森林生生不息。,"A 25-year cycle, and the forest lives on.",同原字幕,已精简
40,19,171.77,00:02:51.767,175.97,4.20,19,4.5,,10,2.4,,1999 年，他在上海青浦建起了自己的工厂。,"In 1999, he built his own factory in Qingpu, Shanghai.",已精简,已精简
41,20,176.77,00:02:56.767,180.20,3.43,10,2.9,,9,2.6,,从温州到美洲，再到非洲。,"From Wenzhou to the Americas, and on to Africa,",同原字幕,同原字幕
42,20,180.53,00:03:00.533,183.97,3.43,11,3.2,,6,1.7,,安信把根扎向更远的地方。,Anxin sent its roots ever farther.,同原字幕,同原字幕
43,21,184.77,00:03:04.767,188.53,3.77,14,3.7,,9,2.4,,奥运场馆、上海世博中心、整木定制。,"Olympic venues, the Shanghai Expo Center, bespoke whole-wood interiors —",同原字幕,同原字幕
44,21,188.87,00:03:08.867,191.97,3.10,12,3.9,,8,2.6,,它成了很多重要地方的脚下。,it became the ground beneath many landmark places.,同原字幕,同原字幕
45,22,192.77,00:03:12.767,198.97,6.20,26,4.2,,13,2.1,,卢伟光的大儿子卢奕开，留学美国十年，2017 年回到了公司。,"After ten years in the U.S., his elder son Ben returned in 2017.",同原字幕,已精简
46,23,199.77,00:03:19.767,202.27,2.50,11,4.4,,6,2.4,,父子俩常常争得面红耳赤。,Father and son often argued fiercely.,已精简,已精简
47,23,202.60,00:03:22.600,206.97,4.37,21,4.8,偏紧,11,2.5,,父亲说：儿子说得对，就该接受，否则成不了百年企业。,"If he's right, I accept, or we won't last a century.",已精简,已精简
48,24,207.77,00:03:27.767,211.53,3.77,12,3.2,,6,1.6,,2022 年，卢奕开出任总裁。,"In 2022, Ben Lu became president.",同原字幕,同原字幕
49,24,211.87,00:03:31.867,215.97,4.10,14,3.4,,10,2.4,,从冲突到理解，互相依靠，互为铠甲。,"From conflict to understanding — each other's support, each other's armor.",同原字幕,同原字幕
50,25,216.77,00:03:36.767,222.97,6.20,8,1.3,,4,0.6,,信任，超越任何语言。,Trust transcends every language.,同原字幕,同原字幕
51,26,223.77,00:03:43.767,232.97,9.20,20,2.2,,7,0.8,,让每个人都拥有一个更温暖、更健康的生活空间。,"A warmer, healthier living space — for everyone.",同原字幕,同原字幕
52,27,233.77,00:03:53.767,235.83,2.07,4,1.9,,2,1.0,,安信地板。,Anxin Flooring.,同原字幕,同原字幕
53,27,236.17,00:03:56.167,240.97,4.80,16,3.3,,12,2.5,,树的秘密，是时间；人的秘密，是一个信字。,The tree's secret is time. The man's secret is one word: trust.,同原字幕,已精简
